{"cameraMode":{"drawMode":0,"name":"Shaded","section":"Shading Mode"},"sceneLighting":true,"audioPlay":false,"sceneViewState":{"m_AlwaysRefresh":false,"showFog":true,"showSkybox":true,"showFlares":true,"showImageEffects":true,"showParticleSystems":true,"showVisualEffectGraphs":true,"m_FxEnabled":true},"in2DMode":false,"pivot":{"x":-0.05527806282043457,"y":1.4907214641571046,"z":-0.052736520767211917},"rotation":{"x":-0.12466598302125931,"y":0.2542150616645813,"z":-0.03298244997859001,"w":-0.9585571885108948},"size":1.8288260698318482,"orthographic":false}